movie_id,title,year,academy_award,won,run_time,budget,box_office,budget_currency,box_office_currency,starring
wings-1927,Wings,1927,1,yes,111,2,NA,USD,USD,
the-racket-1927,The Racket,1927,1,no,84,NA,NA,USD,USD,"Thomas Meighan, Marie Prevost, Louis Wolheim"
7th-heaven-1927,7th Heaven,1927,1,no,NA,NA,NA,USD,USD,
the-broadway-melody-1928,The Broadway Melody,1928,2,yes,100,0.379,4.4,USD,USD,
alibi-1928,Alibi,1928,2,no,90,NA,NA,USD,USD,"Chester Morris, Mae Busch"
hollywood-revue-1928,Hollywood Revue,1928,2,no,116,0.426,NA,USD,USD,
in-old-arizona-1928,In Old Arizona,1928,2,no,95,NA,1.3,USD,USD,
the-patriot-1928,The Patriot,1928,2,no,NA,NA,NA,USD,USD,
all-quiet-on-the-western-front-1929,All Quiet on the Western Front,1929,3,yes,152,1.2,1.5,USD,USD,
the-big-house-1929,The Big House,1929,3,no,87,0.414,NA,USD,USD,
disraeli-1929,Disraeli,1929,3,no,90,NA,NA,USD,USD,
the-divorcee-1929,The Divorcee,1929,3,no,84,NA,NA,USD,USD,
the-love-parade-1929,The Love Parade,1929,3,no,107,NA,NA,USD,USD,
cimarron-1930,Cimarron,1930,4,yes,124,1.433,1.383,USD,USD,
east-lynne-1930,East Lynne,1930,4,no,102,NA,NA,USD,USD,
the-front-page-1930,The Front Page,1930,4,no,101,NA,0.7,USD,USD,
skippy-1930,Skippy,1930,4,no,85,NA,NA,USD,USD,
trader-horn-1930,Trader Horn,1930,4,no,122,1.3,4.2,USD,USD,
grand-hotel-1931,Grand Hotel,1931,5,yes,112,0.75,2.25,USD,USD,
arrowsmith-1931,Arrowsmith,1931,5,no,108,NA,1.25,USD,USD,
bad-girl-1931,Bad Girl,1931,5,no,90,NA,1.1,USD,USD,
the-champ-1931,The Champ,1931,5,no,87,0.356,1.6,USD,USD,
five-star-final-1931,Five Star Final,1931,5,no,89,NA,NA,USD,USD,
one-hour-with-you-1931,One Hour with You,1931,5,no,80,NA,NA,USD,USD,
shanghai-express-1931,Shanghai Express,1931,5,no,80,NA,3.7,USD,USD,
the-smiling-lieutenant-1931,The Smiling Lieutenant,1931,5,no,89,NA,NA,USD,USD,
cavalcade-1932,Cavalcade,1932,6,yes,112,1.1803,3.5,USD,USD,
42nd-street-1932,42nd Street,1932,6,no,89,0.439,2.25,USD,USD,
a-farewell-to-arms-1932,A Farewell to Arms,1932,6,no,85,0.9,NA,USD,USD,"Helen Hayes, Gary Cooper, Adolphe Menjou"
i-am-a-fugitive-from-a-chain-gang-1932,I Am a Fugitive from a Chain Gang,1932,6,no,93,NA,NA,USD,USD,
lady-for-a-day-1932,Lady for a Day,1932,6,no,96,0.3,NA,USD,USD,
little-women-1932,Little Women,1932,6,no,117,0.424,2.07,USD,USD,
the-private-life-of-henry-viii-1932,The Private Life of Henry VIII,1932,6,no,97,0.065,0.75,GBP,GBP,
she-done-him-wrong-1932,She Done Him Wrong,1932,6,no,NA,NA,NA,USD,USD,
smilin-through-1932,Smilin' Through,1932,6,no,98,0.851,2.033,USD,USD,
state-fair-1932,State Fair,1932,6,no,97,0.6,1.8,USD,USD,
it-happened-one-night-1934,It Happened One Night,1934,7,yes,105,0.325,NA,USD,USD,
the-barretts-of-wimpole-street-1934,The Barretts of Wimpole Street,1934,7,no,110,0.82,NA,USD,USD,
cleopatra-1934,Cleopatra,1934,7,no,100,NA,NA,USD,USD,
flirtation-walk-1934,Flirtation Walk,1934,7,no,97,NA,NA,USD,USD,
the-gay-divorcee-1934,The Gay Divorcee,1934,7,no,107,0.52,1.8,USD,USD,
here-comes-the-navy-1934,Here Comes the Navy,1934,7,no,87,NA,NA,USD,USD,
the-house-of-rothschild-1934,The House of Rothschild,1934,7,no,88,NA,NA,USD,USD,
imitation-of-life-1934,Imitation of Life,1934,7,no,111,NA,NA,USD,USD,"Claudette Colbert, Warren William, Louise Beavers"
one-night-of-love-1934,One Night of Love,1934,7,no,83,NA,0.7332,USD,USD,
the-thin-man-1934,The Thin Man,1934,7,no,93,0.2264,NA,USD,USD,"William Powell, Myrna Loy, Maureen O'Sullivan, Nat Pendleton, Minna Gombell"
viva-villa-1934,Viva Villa!,1934,7,no,115,1.022,1.875,USD,USD,
the-white-parade-1934,The White Parade,1934,7,no,80,NA,NA,USD,USD,
mutiny-on-the-bounty-1935,Mutiny on the Bounty,1935,8,yes,NA,NA,NA,USD,USD,
alice-adams-1935,Alice Adams,1935,8,no,99,0.342,0.77,USD,USD,
broadway-melody-of-1936-1935,Broadway Melody of 1936,1935,8,no,101,1.062,2.871,USD,USD,
captain-blood-1935,Captain Blood,1935,8,no,119,1.242,2.5,USD,USD,"Errol Flynn, Olivia de Havilland, Basil Rathbone, Ross Alexander"
david-copperfield-1935,David Copperfield,1935,8,no,NA,NA,NA,USD,USD,
the-informer-1935,The Informer,1935,8,no,91,0.243,0.95,USD,USD,
the-lives-of-a-bengal-lancer-1935,The Lives of a Bengal Lancer,1935,8,no,109,NA,49,USD,USD,
a-midsummer-nights-dream-1935,A Midsummer Night's Dream,1935,8,no,133,0.981,1.229,USD,USD,"Olivia de Havilland (Hermia), Jean Muir (Helena), Dick Powell (Lysander), Ross Alexander (Demetrius), James Cagney (Bottom), Mickey Rooney (Puck), Joe E. Brown (Flute), Victor Jory (Oberon), Anita Louise (Titania), Ian Hunter (Theseus)"
les-misrables-1935,Les Misérables,1935,8,no,108,NA,NA,USD,USD,
naughty-marietta-1935,Naughty Marietta,1935,8,no,105,0.782,2.057,USD,USD,
ruggles-of-red-gap-1935,Ruggles of Red Gap,1935,8,no,90,NA,NA,USD,USD,"Charles Laughton, Mary Boland, Charlie Ruggles, ZaSu Pitts"
top-hat-1935,Top Hat,1935,8,no,101,0.609,3.2,USD,USD,
the-great-ziegfeld-1936,The Great Ziegfeld,1936,9,yes,177,2.183,4.673,USD,USD,
anthony-adverse-1936,Anthony Adverse,1936,9,no,141,NA,NA,USD,USD,
dodsworth-1936,Dodsworth,1936,9,no,101,NA,1.6,USD,USD,
libeled-lady-1936,Libeled Lady,1936,9,no,98,0.603,2.723,USD,USD,
mr-deeds-goes-to-town-1936,Mr. Deeds Goes to Town,1936,9,no,115,0.8457,1,USD,USD,"Gary Cooper, Jean Arthur, George Bancroft"
romeo-and-juliet-1936,Romeo and Juliet,1936,9,no,125,2,NA,USD,USD,"Norma Shearer, Leslie Howard, John Barrymore, Basil Rathbone, Andy Devine"
san-francisco-1936,San Francisco,1936,9,no,115,1.3,NA,USD,USD,
the-story-of-louis-pasteur-1936,The Story of Louis Pasteur,1936,9,no,87,NA,NA,USD,USD,
a-tale-of-two-cities-1936,A Tale of Two Cities,1936,9,no,123,1.232,2.3,USD,USD,
three-smart-girls-1936,Three Smart Girls,1936,9,no,84,NA,NA,USD,USD,"Barbara Read, Nan Grey, Deanna Durbin, Ray Milland"
the-life-of-emile-zola-1937,The Life of Emile Zola,1937,10,yes,116,NA,NA,USD,USD,
the-awful-truth-1937,The Awful Truth,1937,10,no,90,NA,3,USD,USD,
captains-courageous-1937,Captains Courageous,1937,10,no,115,1.645,3.133,USD,USD,
dead-end-1937,Dead End,1937,10,no,93,NA,NA,USD,USD,
the-good-earth-1937,The Good Earth,1937,10,no,138,2.816,3.557,USD,USD,
in-old-chicago-1937,In Old Chicago,1937,10,no,96,NA,2.5,USD,USD,
lost-horizon-1937,Lost Horizon,1937,10,no,133,2,NA,USD,USD,
one-hundred-men-and-a-girl-1937,One Hundred Men and a Girl,1937,10,no,85,NA,NA,USD,USD,
stage-door-1937,Stage Door,1937,10,no,NA,NA,NA,USD,USD,
a-star-is-born-1937,A Star Is Born,1937,10,no,111,1.2,2,USD,USD,"Janet Gaynor, Fredric March"
you-cant-take-it-with-you-1938,You Can't Take It with You,1938,11,yes,126,NA,NA,USD,USD,"Jean Arthur, Lionel Barrymore, James Stewart, Edward Arnold"
the-adventures-of-robin-hood-1938,The Adventures of Robin Hood,1938,11,no,NA,NA,NA,USD,USD,
alexanders-ragtime-band-1938,Alexander's Ragtime Band,1938,11,no,106,NA,3.6,USD,USD,
boys-town-1938,Boys Town,1938,11,no,96,0.772,4.058,USD,USD,
the-citadel-1938,The Citadel,1938,11,no,NA,NA,NA,USD,USD,
four-daughters-1938,Four Daughters,1938,11,no,90,NA,NA,USD,USD,
grand-illusion-1938,Grand Illusion,1938,11,no,114,NA,NA,USD,USD,"Jean Gabin, Dita Parlo, Pierre Fresnay, Erich von Stroheim"
jezebel-1938,Jezebel,1938,11,no,103,1.25,NA,USD,USD,"Bette Davis, Henry Fonda, George Brent, Margaret Lindsay, Donald Crisp, Fay Bainter, Richard Cromwell, Henry O'Neill, Spring Byington, John Litel"
pygmalion-1938,Pygmalion,1938,11,no,NA,NA,NA,USD,USD,
test-pilot-1938,Test Pilot,1938,11,no,118,1.701,3.903,USD,USD,
gone-with-the-wind-1939,Gone with the Wind,1939,12,yes,NA,3.85,390,USD,USD,"Clark Gable, Vivien Leigh, Leslie Howard, Olivia de Havilland"
dark-victory-1939,Dark Victory,1939,12,no,104,1,NA,USD,USD,
goodbye-mr-chips-1939,"Goodbye, Mr. Chips",1939,12,no,114,1.051,3.252,USD,USD,"Robert Donat, Greer Garson, Terry Kilburn"
love-affair-1939,Love Affair,1939,12,no,87,0.86,1.8,USD,USD,
mr-smith-goes-to-washington-1939,Mr. Smith Goes to Washington,1939,12,no,130,1.5,9,USD,USD,
ninotchka-1939,Ninotchka,1939,12,no,110,NA,2.3,USD,USD,
of-mice-and-men-1939,Of Mice and Men,1939,12,no,107,NA,NA,USD,USD,
stagecoach-1939,Stagecoach,1939,12,no,NA,NA,NA,USD,USD,
the-wizard-of-oz-1939,The Wizard of Oz,1939,12,no,101,2.8,3,USD,USD,"Judy Garland, Frank Morgan, Ray Bolger, Bert Lahr, Jack Haley, Billie Burke, Margaret Hamilton, Charley Grapewin"
wuthering-heights-1939,Wuthering Heights,1939,12,no,103,NA,NA,USD,USD,
rebecca-1940,Rebecca,1940,13,yes,130,1.288,6,USD,USD,
all-this-and-heaven-too-1940,"All This, and Heaven Too",1940,13,no,141,NA,NA,USD,USD,
foreign-correspondent-1940,Foreign Correspondent,1940,13,no,120,1.4842,1.5984,USD,USD,"Joel McCrea, Laraine Day, Herbert Marshall, George Sanders, Albert Basserman, Robert Benchley"
the-grapes-of-wrath-1940,The Grapes of Wrath,1940,13,no,129,0.8,2.5,USD,USD,"Henry Fonda, Jane Darwell, John Carradine, Shirley Mills, John Qualen, Eddie Quillan"
the-great-dictator-1940,The Great Dictator,1940,13,no,124,2,5,USD,USD,
kitty-foyle-1940,Kitty Foyle,1940,13,no,108,0.738,2.385,USD,USD,
the-letter-1940,The Letter,1940,13,no,95,NA,NA,USD,USD,
the-long-voyage-home-1940,The Long Voyage Home,1940,13,no,105,0.6825,0.5801,USD,USD,"John Wayne, Thomas Mitchell, Ian Hunter"
our-town-1940,Our Town,1940,13,no,NA,NA,NA,USD,USD,
the-philadelphia-story-1940,The Philadelphia Story,1940,13,no,112,0.914,3.3,USD,USD,
how-green-was-my-valley-1941,How Green Was My Valley,1941,14,yes,118,0.8,2.8,USD,USD,
blossoms-in-the-dust-1941,Blossoms in the Dust,1941,14,no,99,1.112,2.658,USD,USD,
citizen-kane-1941,Citizen Kane,1941,14,no,119,0.8397,1.6,USD,USD,"Orson Welles, Joseph Cotten, Dorothy Comingore, Everett Sloane, Ray Collins, George Coulouris, Agnes Moorehead, Paul Stewart, Ruth Warrick, Erskine Sanford, William Alland"
here-comes-mr-jordan-1941,Here Comes Mr. Jordan,1941,14,no,94,NA,NA,USD,USD,"Robert Montgomery, Evelyn Keyes, Claude Rains, Rita Johnson, Edward Everett Horton"
hold-back-the-dawn-1941,Hold Back the Dawn,1941,14,no,116,NA,NA,USD,USD,
the-little-foxes-1941,The Little Foxes,1941,14,no,115,NA,NA,USD,USD,
the-maltese-falcon-1941,The Maltese Falcon,1941,14,no,101,0.381,NA,USD,USD,"Humphrey Bogart, Mary Astor, Gladys George, Peter Lorre, Barton MacLane, Lee Patrick, Sydney Greenstreet"
one-foot-in-heaven-1941,One Foot in Heaven,1941,14,no,108,NA,NA,USD,USD,
sergeant-york-1941,Sergeant York,1941,14,no,134,1.4,16.3619,USD,USD,
suspicion-1941,Suspicion,1941,14,no,NA,NA,NA,USD,USD,
mrs-miniver-1942,Mrs. Miniver,1942,15,yes,133,1.34,8.878,USD,USD,
the-invaders-1942,The Invaders,1942,15,no,123,NA,5,GBP,GBP,
kings-row-1942,Kings Row,1942,15,no,127,1.0817,5.093,USD,USD,
the-magnificent-ambersons-1942,The Magnificent Ambersons,1942,15,no,88,1.1,1,USD,USD,"Joseph Cotten, Dolores Costello, Anne Baxter, Tim Holt, Agnes Moorehead, Ray Collins, Erskine Sanford, Richard Bennett"
the-pied-piper-1942,The Pied Piper,1942,15,no,NA,NA,NA,USD,USD,
the-pride-of-the-yankees-1942,The Pride of the Yankees,1942,15,no,128,NA,NA,USD,USD,
random-harvest-1942,Random Harvest,1942,15,no,125,1.21,NA,USD,USD,
the-talk-of-the-town-1942,The Talk of the Town,1942,15,no,118,1,1.1,USD,USD,
wake-island-1942,Wake Island,1942,15,no,88,0.826,3.5,USD,USD,
yankee-doodle-dandy-1942,Yankee Doodle Dandy,1942,15,no,126,NA,11.8,USD,USD,
casablanca-1943,Casablanca,1943,16,yes,102,0.878,3.7,USD,USD,"Humphrey Bogart, Ingrid Bergman, Paul Henreid, Claude Rains, Conrad Veidt, Sydney Greenstreet, Peter Lorre[1]"
for-whom-the-bell-tolls-1943,For Whom the Bell Tolls,1943,16,no,170,NA,7.1,USD,USD,"Gary Cooper, Ingrid Bergman, Akim Tamiroff, Joseph Calleia"
heaven-can-wait-1943,Heaven Can Wait,1943,16,no,112,1.1154,2.5,USD,USD,
the-human-comedy-1943,The Human Comedy,1943,16,no,118,1,3.9,USD,USD,
in-which-we-serve-1943,In Which We Serve,1943,16,no,115,0.24,2,GBP,GBP,
madame-curie-1943,Madame Curie,1943,16,no,124,1.938,4.61,USD,USD,
the-more-the-merrier-1943,The More the Merrier,1943,16,no,104,0.878,1.8,USD,USD,
the-oxbow-incident-1943,The Ox-Bow Incident,1943,16,no,75,0.565,NA,USD,USD,
the-song-of-bernadette-1943,The Song of Bernadette,1943,16,no,155,1.6,5,USD,USD,
watch-on-the-rhine-1943,Watch on the Rhine,1943,16,no,114,NA,2.5,USD,USD,
going-my-way-1944,Going My Way,1944,17,yes,126,NA,7.8,USD,USD,"Bing Crosby, Barry Fitzgerald, Risë Stevens"
double-indemnity-1944,Double Indemnity,1944,17,no,107,0.98,5,USD,USD,"Fred MacMurray, Barbara Stanwyck, Edward G. Robinson, Porter Hall, Jean Heather, Byron Barr, Richard Gaines, John Philliber"
gaslight-1944,Gaslight,1944,17,no,114,2.068,4.613,USD,USD,
since-you-went-away-1944,Since You Went Away,1944,17,no,172,3.257,7,USD,USD,
wilson-1944,Wilson,1944,17,no,154,2.995,NA,USD,USD,
the-lost-weekend-1945,The Lost Weekend,1945,18,yes,99,1.25,4.3,USD,USD,
anchors-aweigh-1945,Anchors Aweigh,1945,18,no,143,2.58,7.475,USD,USD,
the-bells-of-st-marys-1945,The Bells of St. Mary's,1945,18,no,126,1.3,NA,USD,USD,"Bing Crosby, Ingrid Bergman"
mildred-pierce-1945,Mildred Pierce,1945,18,no,111,1.453,5.638,USD,USD,
spellbound-1945,Spellbound,1945,18,no,111,1.5,NA,USD,USD,
the-best-years-of-our-lives-1946,The Best Years of Our Lives,1946,19,yes,172,2.1,23.7,USD,USD,"Myrna Loy, Fredric March, Dana Andrews, Teresa Wright, Virginia Mayo, Harold Russell"
henry-v-1946,Henry V,1946,19,no,136,2,2,GBP,USD,
its-a-wonderful-life-1946,It's a Wonderful Life,1946,19,no,130,3.18,3.3,USD,USD,
the-razors-edge-1946,The Razor's Edge,1946,19,no,145,1.2,5,USD,USD,
the-yearling-1946,The Yearling,1946,19,no,128,3.883,7.599,USD,USD,
gentlemans-agreement-1947,Gentleman's Agreement,1947,20,yes,118,1.985,7.8,USD,USD,
the-bishops-wife-1947,The Bishop's Wife,1947,20,no,109,NA,3,USD,USD,
crossfire-1947,Crossfire,1947,20,no,86,0.678,2.5,USD,USD,
great-expectations-1947,Great Expectations,1947,20,no,118,NA,2,USD,USD,
miracle-on-34th-street-1947,Miracle on 34th Street,1947,20,no,96,0.63,2.7,USD,USD,
hamlet-1948,Hamlet,1948,21,yes,NA,0.5275,NA,GBP,USD,
johnny-belinda-1948,Johnny Belinda,1948,21,no,102,NA,4.1,USD,USD,
the-red-shoes-1948,The Red Shoes,1948,21,no,133,0.5056,5,GBP,USD,
the-snake-pit-1948,The Snake Pit,1948,21,no,108,3.8,4.1,USD,USD,
the-treasure-of-the-sierra-madre-1948,The Treasure of the Sierra Madre,1948,21,no,NA,NA,NA,USD,USD,
all-the-kings-men-1949,All the King's Men,1949,22,yes,109,NA,2.4,USD,USD,
battleground-1949,Battleground,1949,22,no,118,1.631,6.269,USD,USD,
the-heiress-1949,The Heiress,1949,22,no,115,2.6,2.3,USD,USD,"Olivia de Havilland, Montgomery Clift, Ralph Richardson"
a-letter-to-three-wives-1949,A Letter to Three Wives,1949,22,no,103,NA,2.75,USD,USD,
twelve-oclock-high-1949,Twelve O'Clock High,1949,22,no,132,NA,NA,USD,USD,
all-about-eve-1950,All About Eve,1950,23,yes,138,1.4,8.4,USD,USD,"Bette Davis, Anne Baxter, George Sanders, Celeste Holm"
born-yesterday-1950,Born Yesterday,1950,23,no,103,NA,4.15,USD,USD,
father-of-the-bride-1950,Father of the Bride,1950,23,no,92,1.215,6.084,USD,USD,
king-solomons-mines-1950,King Solomon's Mines,1950,23,no,103,2.3,15.1,USD,USD,"Deborah Kerr, Stewart Granger, Richard Carlson"
sunset-boulevard-1950,Sunset Boulevard,1950,23,no,110,1.75,5,USD,USD,"William Holden, Gloria Swanson, Erich von Stroheim, Nancy Olson, Fred Clark, Lloyd Gough"
an-american-in-paris-1951,An American in Paris,1951,24,yes,113,2.7,7,USD,USD,
decision-before-dawn-1951,Decision Before Dawn,1951,24,no,119,NA,1.55,USD,USD,
a-place-in-the-sun-1951,A Place in the Sun,1951,24,no,122,2.2953,7,USD,USD,
quo-vadis-1951,Quo Vadis,1951,24,no,171,7.6,21,USD,USD,
a-streetcar-named-desire-1951,A Streetcar Named Desire,1951,24,no,125,1.8,8,USD,USD,"Vivien Leigh, Marlon Brando, Kim Hunter, Karl Malden"
the-greatest-show-on-earth-1952,The Greatest Show on Earth,1952,25,yes,152,4,36,USD,USD,"Betty Hutton, Cornel Wilde, Charlton Heston, James Stewart, Dorothy Lamour, Gloria Grahame, Lyle Bettger"
high-noon-1952,High Noon,1952,25,no,85,0.73,12,USD,USD,"Gary Cooper, Thomas Mitchell, Lloyd Bridges, Katy Jurado, Grace Kelly, Otto Kruger, Lon Chaney Jr., Harry Morgan, Eve McVeagh"
ivanhoe-1952,Ivanhoe,1952,25,no,106,3.842,10.878,USD,USD,
moulin-rouge-1952,Moulin Rouge,1952,25,no,119,1.5,5,GBP,USD,
the-quiet-man-1952,The Quiet Man,1952,25,no,129,1.75,3.2,USD,USD,
from-here-to-eternity-1953,From Here to Eternity,1953,26,yes,118,2.5,30.5,USD,USD,"Burt Lancaster, Montgomery Clift, Deborah Kerr, Frank Sinatra, Donna Reed"
julius-caesar-1953,Julius Caesar,1953,26,no,121,2.07,3.92,USD,USD,
the-robe-1953,The Robe,1953,26,no,135,4.1,36,USD,USD,"Richard Burton, Jean Simmons, Victor Mature, Michael Rennie"
roman-holiday-1953,Roman Holiday,1953,26,no,118,1.5,12,USD,USD,"Gregory Peck, Audrey Hepburn"
shane-1953,Shane,1953,26,no,118,3.1,20,USD,USD,
on-the-waterfront-1954,On the Waterfront,1954,27,yes,108,0.91,9.6,USD,USD,"Marlon Brando, Karl Malden, Lee J. Cobb, Rod Steiger, Pat Henning, Eva Marie Saint"
the-caine-mutiny-1954,The Caine Mutiny,1954,27,no,124,2,21.8,USD,USD,"Humphrey Bogart, José Ferrer, Van Johnson, Fred MacMurray, Robert Francis"
the-country-girl-1954,The Country Girl,1954,27,no,104,NA,6.5,USD,USD,"Bing Crosby, Grace Kelly, William Holden"
seven-brides-for-seven-brothers-1954,Seven Brides for Seven Brothers,1954,27,no,102,2.54,9.403,USD,USD,"Howard KeelJane PowellJeff RichardsMatt MattoxMarc PlattJacques d'AmboiseTommy RallRuss TamblynJulie NewmarRuta Lee, Norma DoggettVirginia Gibson, Betty Carr, Nancy KilgasIan WolfeMarjorie WoodRussell SimpsonHoward Petrie"
three-coins-in-the-fountain-1954,Three Coins in the Fountain,1954,27,no,102,1.7,5,USD,USD,"Clifton Webb, Dorothy McGuire, Jean Peters, Louis Jourdan, Rossano Brazzi, Maggie McNamara"
marty-1955,Marty,1955,28,yes,NA,NA,NA,USD,USD,
love-is-a-manysplendored-thing-1955,Love Is a Many-Splendored Thing,1955,28,no,102,1.78,3,USD,USD,
mister-roberts-1955,Mister Roberts,1955,28,no,123,NA,21.2,USD,USD,
picnic-1955,Picnic,1955,28,no,115,NA,NA,USD,USD,
the-rose-tattoo-1955,The Rose Tattoo,1955,28,no,117,NA,4.2,USD,USD,"Anna Magnani, Burt Lancaster"
around-the-world-in-80-days-1956,Around the World in 80 Days,1956,29,yes,182,6,42,USD,USD,"Cantinflas, David Niven, Robert Newton, Shirley MacLaine"
friendly-persuasion-1956,Friendly Persuasion,1956,29,no,137,3,8,USD,USD,
giant-1956,Giant,1956,29,no,NA,NA,NA,USD,USD,
the-king-and-i-1956,The King and I,1956,29,no,133,4.55,21.3,USD,USD,"Deborah KerrYul BrynnerRita MorenoMaureen HingertMartin Benson, Rex Thompson"
the-ten-commandments-1956,The Ten Commandments,1956,29,no,220,13,122.7,USD,USD,
the-bridge-on-the-river-kwai-1957,The Bridge on the River Kwai,1957,30,yes,161,2.8,30.6,USD,USD,"William Holden, Jack Hawkins, Alec Guinness"
12-angry-men-1957,12 Angry Men,1957,30,no,NA,0.34,NA,USD,USD,"Henry Fonda, Lee J. Cobb, Ed Begley, E. G. Marshall, Jack Warden"
peyton-place-1957,Peyton Place,1957,30,no,162,2.2,25.6,USD,USD,
sayonara-1957,Sayonara,1957,30,no,147,NA,NA,USD,USD,"Marlon Brando, Patricia Owens, James Garner, Martha Scott, Miiko Taka, Miyoshi Umeki, Red Buttons, Ricardo Montalbán"
witness-for-the-prosecution-1957,Witness for the Prosecution,1957,30,no,116,3,9,USD,USD,
gigi-1958,Gigi,1958,31,yes,115,3.3,13.2,USD,USD,"Leslie Caron, Louis Jourdan, Maurice Chevalier, Hermione Gingold, Eva Gabor, Jacques Bergerac, Isabel Jeans"
auntie-mame-1958,Auntie Mame,1958,31,no,143,NA,9,USD,USD,"Rosalind RussellForrest TuckerCoral BrowneRoger SmithPeggy Cass, Jan HandzlikJoanna BarnesRobin HughesPippa Scott"
cat-on-a-hot-tin-roof-1958,Cat on a Hot Tin Roof,1958,31,no,107,2.345,11.285,USD,USD,
the-defiant-ones-1958,The Defiant Ones,1958,31,no,96,0.778,NA,USD,USD,
separate-tables-1958,Separate Tables,1958,31,no,100,NA,3.1,USD,USD,
benhur-1959,Ben-Hur,1959,32,yes,212,15.2,146.9,USD,USD,"Charlton Heston, Jack Hawkins, Haya Harareet, Stephen Boyd, Hugh Griffith, Martha Scott, Cathy O'Donnell, Sam Jaffe"
anatomy-of-a-murder-1959,Anatomy of a Murder,1959,32,no,160,NA,11,USD,USD,
the-diary-of-anne-frank-1959,The Diary of Anne Frank,1959,32,no,170,3.8,2.3,USD,USD,
the-nuns-story-1959,The Nun's Story,1959,32,no,149,3.5,12.8,USD,USD,"Audrey Hepburn, Peter Finch, Edith Evans, Peggy Ashcroft"
room-at-the-top-1959,Room at the Top,1959,32,no,115,0.28,NA,GBP,USD,
the-apartment-1960,The Apartment,1960,33,yes,125,3,24.6,USD,USD,"Jack Lemmon, Shirley MacLaine, Fred MacMurray, Jack Kruschen"
the-alamo-1960,The Alamo,1960,33,no,202,12,20,USD,USD,
elmer-gantry-1960,Elmer Gantry,1960,33,no,146,3,5.2,USD,USD,
sons-and-lovers-1960,Sons and Lovers,1960,33,no,103,0.805,NA,USD,USD,
the-sundowners-1960,The Sundowners,1960,33,no,141,NA,0,USD,USD,
west-side-story-1961,West Side Story,1961,34,yes,152,6,43.7,USD,USD,
fanny-1961,Fanny,1961,34,no,134,NA,4.5,USD,USD,
the-guns-of-navarone-1961,The Guns of Navarone,1961,34,no,158,6,28.9,USD,USD,
the-hustler-1961,The Hustler,1961,34,no,134,2.125,7.6,USD,USD,
judgment-at-nuremberg-1961,Judgment at Nuremberg,1961,34,no,179,3,10,USD,USD,
lawrence-of-arabia-1962,Lawrence of Arabia,1962,35,yes,222,15,70,USD,USD,"Alec Guinness, Anthony Quinn, Jack Hawkins, José Ferrer, Anthony Quayle, Claude Rains, Arthur Kennedy, Omar Sharif, Peter O'Toole"
the-longest-day-1962,The Longest Day,1962,35,no,178,7.75,50.1,USD,USD,"John Wayne, Henry Fonda, Robert Mitchum, Sean Connery, Eddie Albert, Curd Jürgens, Richard Todd, Richard Burton, Peter Lawford, Rod Steiger, Irina Demick, Gert Fröbe, Edmond O'Brien, Kenneth More"
the-music-man-1962,The Music Man,1962,35,no,NA,NA,NA,USD,USD,
mutiny-on-the-bounty-1962,Mutiny on the Bounty,1962,35,no,NA,NA,NA,USD,USD,
to-kill-a-mockingbird-1962,To Kill a Mockingbird,1962,35,no,129,2,13.1,USD,USD,"Gregory Peck, Mary Badham, Phillip Alford, John Megna, Ruth White, Paul Fix, Brock Peters, Frank Overton"
tom-jones-1963,Tom Jones,1963,36,yes,128,1,37.6,GBP,USD,
america-america-1963,America America,1963,36,no,174,NA,NA,USD,USD,
cleopatra-1963,Cleopatra,1963,36,no,NA,NA,NA,USD,USD,
how-the-west-was-won-1963,How the West Was Won,1963,36,no,164,14.483,50,USD,USD,
lilies-of-the-field-1963,Lilies of the Field,1963,36,no,94,0.24,3,USD,USD,
my-fair-lady-1964,My Fair Lady,1964,37,yes,170,17,72,USD,USD,"Audrey Hepburn, Rex Harrison, Stanley Holloway, Wilfrid Hyde-White, Gladys Cooper"
becket-1964,Becket,1964,37,no,148,3,9.1,USD,USD,"Richard Burton, Peter O'Toole, John Gielgud"
dr-strangelove-or-how-i-learned-to-stop-worrying-and-love-the-bomb-1964,Dr. Strangelove or: How I Learned to Stop Worrying and Love the Bomb,1964,37,no,94,1.8,9.4,USD,USD,"Peter Sellers, George C. Scott, Sterling Hayden, Keenan Wynn, Slim Pickens, Tracy Reed"
mary-poppins-1964,Mary Poppins,1964,37,no,139,6,102.3,USD,USD,"Julie Andrews, Dick Van Dyke, David Tomlinson, Glynis Johns"
zorba-the-greek-1964,Zorba the Greek,1964,37,no,142,0.783,23.5,USD,USD,"Anthony Quinn, Alan Bates, Irene Papas, Lila Kedrova, Sotiris Moustakas, Anna Kyriakou"
the-sound-of-music-1965,The Sound of Music,1965,38,yes,174,8.2,286.2,USD,USD,"Julie Andrews, Christopher Plummer"
darling-1965,Darling,1965,38,no,128,1.1,4,GBP,USD,
doctor-zhivago-1965,Doctor Zhivago,1965,38,no,193,11,111.7,USD,USD,"Geraldine Chaplin, Julie Christie, Tom Courtenay, Alec Guinness, Siobhán McKenna, Ralph Richardson, Omar Sharif, Rod Steiger, Rita Tushingham"
ship-of-fools-1965,Ship of Fools,1965,38,no,149,NA,NA,USD,USD,
a-thousand-clowns-1965,A Thousand Clowns,1965,38,no,116,NA,2.4,USD,USD,
a-man-for-all-seasons-1966,A Man for All Seasons,1966,39,yes,120,2,28.4,USD,USD,"Paul Scofield, Wendy Hiller, Leo McKern, Orson Welles, Robert Shaw, Susannah York"
alfie-1966,Alfie,1966,39,no,113,0.8,18.8713,USD,USD,"Michael Caine, Millicent Martin, Julia Foster, Jane Asher, Shirley Anne Field, Vivien Merchant, Eleanor Bron, Denholm Elliott, Shelley Winters"
the-russians-are-coming-the-russians-are-coming-1966,"The Russians Are Coming, the Russians Are Coming",1966,39,no,126,3.9,21.6931,USD,USD,
the-sand-pebbles-1966,The Sand Pebbles,1966,39,no,182,12.1,30,USD,USD,"Steve McQueen, Richard Attenborough, Richard Crenna, Candice Bergen, Marayat Andriane, Mako, Simon Oakland, Charles Knox Robinson III"
whos-afraid-of-virginia-woolf-1966,Who's Afraid of Virginia Woolf?,1966,39,no,132,7.5,40,USD,USD,
in-the-heat-of-the-night-1967,In the Heat of the Night,1967,40,yes,109,2,24.3,USD,USD,
bonnie-and-clyde-1967,Bonnie and Clyde,1967,40,no,111,2.5,70,USD,USD,"Warren Beatty, Faye Dunaway, Michael J. Pollard, Gene Hackman, Estelle Parsons"
doctor-dolittle-1967,Doctor Dolittle,1967,40,no,152,17,9,USD,USD,
the-graduate-1967,The Graduate,1967,40,no,105,3,104.9,USD,USD,"Anne Bancroft, Dustin Hoffman, Katharine Ross"
guess-whos-coming-to-dinner-1967,Guess Who's Coming to Dinner,1967,40,no,108,4,56.7,USD,USD,"Spencer Tracy, Sidney Poitier, Katharine Hepburn, Katharine Houghton, Beah Richards, Roy E. Glenn"
oliver-1968,Oliver!,1968,41,yes,153,10,77.4,USD,USD,
funny-girl-1968,Funny Girl,1968,41,no,149,14.1,58.5,USD,USD,"Barbra Streisand, Omar Sharif, Kay Medford"
the-lion-in-winter-1968,The Lion in Winter,1968,41,no,134,4,22.3,USD,USD,"Peter O'Toole, Katharine Hepburn, Anthony Hopkins, John Castle, Nigel Terry, Timothy Dalton"
rachel-rachel-1968,"Rachel, Rachel",1968,41,no,NA,NA,NA,USD,USD,
romeo-and-juliet-1968,Romeo and Juliet,1968,41,no,138,0.85,38.9,USD,USD,"Leonard Whiting, Olivia Hussey, Milo O'Shea, Michael York, John McEnery, Natasha Parry, Pat Heywood, Robert Stephens"
midnight-cowboy-1969,Midnight Cowboy,1969,42,yes,113,3.2,44.8,USD,USD,"Dustin Hoffman, Jon Voight"
anne-of-the-thousand-days-1969,Anne of the Thousand Days,1969,42,no,145,NA,NA,USD,USD,
butch-cassidy-and-the-sundance-kid-1969,Butch Cassidy and the Sundance Kid,1969,42,no,110,6,102.3,USD,USD,"Paul Newman, Robert Redford, Katharine Ross, Strother Martin, Jeff Corey, Henry Jones"
hello-dolly-1969,"Hello, Dolly!",1969,42,no,148,25,26,USD,USD,
z-1969,Z,1969,42,no,127,NA,14.3,USD,USD,"Jean-Louis Trintignant, Yves Montand, Irene Papas, Jacques Perrin"
patton-1970,Patton,1970,43,yes,170,12.6,61.8,USD,USD,"George C. Scott, Karl Malden"
airport-1970,Airport,1970,43,no,137,10.2,100.5,USD,USD,
five-easy-pieces-1970,Five Easy Pieces,1970,43,no,96,1.6,18.1,USD,USD,"Jack Nicholson, Karen Black, Susan Anspach"
love-story-1970,Love Story,1970,43,no,100,2.2,136.4,USD,USD,"Ali MacGraw, Ryan O'Neal"
mash-1970,M*A*S*H,1970,43,no,116,3.025,81.6,USD,USD,
the-french-connection-1971,The French Connection,1971,44,yes,104,1.8,51.7,USD,USD,"Gene Hackman, Fernando Rey, Roy Scheider, Tony Lo Bianco, Marcel Bozzuffi"
a-clockwork-orange-1971,A Clockwork Orange,1971,44,no,136,2.2,26.6,USD,USD,"Malcolm McDowell, Patrick Magee, Adrienne Corri, Miriam Karlin"
fiddler-on-the-roof-1971,Fiddler on the Roof,1971,44,no,NA,NA,NA,USD,USD,
the-last-picture-show-1971,The Last Picture Show,1971,44,no,118,1.3,29.1,USD,USD,"Timothy Bottoms, Jeff Bridges, Cybill Shepherd, Eileen Brennan, Ellen Burstyn, Ben Johnson, Cloris Leachman, Randy Quaid"
nicholas-and-alexandra-1971,Nicholas and Alexandra,1971,44,no,188,9,7,USD,USD,"Laurence Olivier, Michael Jayston, Janet Suzman, Tom Baker"
the-godfather-1972,The Godfather,1972,45,yes,177,NA,286,USD,USD,"Marlon Brando, Al Pacino, James Caan, Richard S. Castellano, Robert Duvall, Sterling Hayden, John Marley, Richard Conte, Diane Keaton"
cabaret-1972,Cabaret,1972,45,no,NA,NA,NA,USD,USD,
deliverance-1972,Deliverance,1972,45,no,110,2,46.1,USD,USD,"Jon Voight, Burt Reynolds, Ned Beatty, Ronny Cox"
the-emigrants-1972,The Emigrants,1972,45,no,191,1.6,NA,USD,USD,
sounder-1972,Sounder,1972,45,no,105,1.9,16.8898,USD,USD,
the-sting-1973,The Sting,1973,46,yes,129,5.5,159.6,USD,USD,"Paul Newman, Robert Redford, Robert Shaw"
american-graffiti-1973,American Graffiti,1973,46,no,112,0.777,140,USD,USD,"Richard Dreyfuss, Ron Howard, Paul Le Mat, Charles Martin Smith, Candy Clark, Mackenzie Phillips, Cindy Williams, Wolfman Jack"
cries-and-whispers-1973,Cries and Whispers,1973,46,no,91,0.45,1.5,USD,USD,
the-exorcist-1973,The Exorcist,1973,46,no,121,12,441.3,USD,USD,"Ellen Burstyn, Max von Sydow, Lee J. Cobb, Kitty Winn, Jack MacGowran, Jason Miller, Linda Blair"
a-touch-of-class-1973,A Touch of Class,1973,46,no,106,NA,16.8,USD,USD,
the-godfather-part-ii-1974,The Godfather Part II,1974,47,yes,200,13,193,USD,USD,"Al Pacino, Robert Duvall, Diane Keaton, Robert De Niro, Talia Shire, Morgana King, John Cazale, Marianna Hill, Lee Strasberg"
chinatown-1974,Chinatown,1974,47,no,131,6,29.2,USD,USD,"Jack Nicholson, Faye Dunaway, John Huston, Perry Lopez, John Hillerman"
the-conversation-1974,The Conversation,1974,47,no,113,1.6,4.4,USD,USD,"Gene Hackman, John Cazale, Allen Garfield, Cindy Williams, Frederic Forrest"
lenny-1974,Lenny,1974,47,no,111,NA,NA,USD,USD,
the-towering-inferno-1974,The Towering Inferno,1974,47,no,165,14,116,USD,USD,
one-flew-over-the-cuckoos-nest-1975,One Flew Over the Cuckoo's Nest,1975,48,yes,133,3,109,USD,USD,
barry-lyndon-1975,Barry Lyndon,1975,48,no,187,11,20.2,USD,USD,
dog-day-afternoon-1975,Dog Day Afternoon,1975,48,no,125,1.8,50,USD,USD,"Al Pacino, John Cazale, James Broderick, Charles Durning"
jaws-1975,Jaws,1975,48,no,124,9,470.7,USD,USD,"Roy Scheider, Robert Shaw, Richard Dreyfuss, Lorraine Gary, Murray Hamilton"
nashville-1975,Nashville,1975,48,no,160,2.2,10,USD,USD,
rocky-1976,Rocky,1976,49,yes,119,1.1,225,USD,USD,"Sylvester Stallone, Talia Shire, Burt Young, Carl Weathers, Burgess Meredith"
all-the-presidents-men-1976,All the President's Men,1976,49,no,138,1.5,70.6,USD,USD,
bound-for-glory-1976,Bound for Glory,1976,49,no,147,10,NA,USD,USD,
network-1976,Network,1976,49,no,121,3.8,23.7,USD,USD,
taxi-driver-1976,Taxi Driver,1976,49,no,113,1.9,28.3,USD,USD,"Robert De Niro, Jodie Foster, Albert Brooks, Harvey Keitel, Leonard Harris, Peter Boyle, Cybill Shepherd"
annie-hall-1977,Annie Hall,1977,50,yes,93,4,38.3,USD,USD,"Woody Allen, Diane Keaton, Tony Roberts, Carol Kane, Paul Simon, Janet Margolin, Shelley Duvall, Christopher Walken, Colleen Dewhurst"
the-goodbye-girl-1977,The Goodbye Girl,1977,50,no,110,NA,102,USD,USD,
julia-1977,Julia,1977,50,no,118,7.84,20.7,USD,USD,
star-wars-1977,Star Wars,1977,50,no,121,11,775.4,USD,USD,"Mark Hamill, Harrison Ford, Carrie Fisher, Peter Cushing, Alec Guinness"
the-turning-point-1977,The Turning Point,1977,50,no,119,NA,33.6,USD,USD,
the-deer-hunter-1978,The Deer Hunter,1978,51,yes,183,15,49,USD,USD,"Robert De Niro, John Cazale, John Savage, Meryl Streep, Christopher Walken"
coming-home-1978,Coming Home,1978,51,no,126,3,36,USD,USD,
heaven-can-wait-1978,Heaven Can Wait,1978,51,no,NA,NA,NA,USD,USD,
midnight-express-1978,Midnight Express,1978,51,no,121,2.3,35,GBP,USD,"Brad Davis, Randy Quaid, John Hurt, Paul L. Smith, Irene Miracle"
an-unmarried-woman-1978,An Unmarried Woman,1978,51,no,125,2.515,24,USD,USD,
kramer-vs-kramer-1979,Kramer vs. Kramer,1979,52,yes,105,8,106.3,USD,USD,
all-that-jazz-1979,All That Jazz,1979,52,no,123,12,37.8,USD,USD,
apocalypse-now-1979,Apocalypse Now,1979,52,no,153,31.5,150,USD,USD,"Marlon Brando, Robert Duvall, Martin Sheen, Frederic Forrest, Albert Hall, Sam Bottoms, Larry Fishburne, Dennis Hopper"
breaking-away-1979,Breaking Away,1979,52,no,101,2.3,20,USD,USD,
norma-rae-1979,Norma Rae,1979,52,no,110,4.5,22,USD,USD,
ordinary-people-1980,Ordinary People,1980,53,yes,124,6,54.8,USD,USD,
coal-miners-daughter-1980,Coal Miner's Daughter,1980,53,no,125,15,67.18,USD,USD,
the-elephant-man-1980,The Elephant Man,1980,53,no,NA,NA,NA,USD,USD,
raging-bull-1980,Raging Bull,1980,53,no,129,18,23.4,USD,USD,
tess-1980,Tess,1980,53,no,186,12,20.1,USD,USD,
chariots-of-fire-1981,Chariots of Fire,1981,54,yes,124,5.5,59,GBP,USD,"Ben Cross, Ian Charleson, Nigel Havers, Cheryl Campbell, Alice Krige, Lindsay Anderson, Dennis Christopher, Nigel Davenport, Brad Davis, Peter Egan, Sir John Gielgud, Ian Holm, Patrick Magee"
atlantic-city-1981,Atlantic City,1981,54,no,NA,NA,NA,USD,USD,
on-golden-pond-1981,On Golden Pond,1981,54,no,109,15,119.3,USD,USD,"Katharine Hepburn, Henry Fonda, Jane Fonda, Doug McKeon, Dabney Coleman, William Lanteau"
raiders-of-the-lost-ark-1981,Raiders of the Lost Ark,1981,54,no,115,18,389.9,USD,USD,"Harrison Ford, Karen Allen, Paul Freeman, Ronald Lacey, John Rhys-Davies, Denholm Elliott"
reds-1981,Reds,1981,54,no,195,32,40.4,USD,USD,"Warren Beatty, Diane Keaton, Edward Herrmann, Jerzy Kosinski, Jack Nicholson, Paul Sorvino, Maureen Stapleton"
gandhi-1982,Gandhi,1982,55,yes,191,22,127.8,USD,USD,"Candice Bergen, Edward Fox, John Gielgud, Trevor Howard, John Mills, Martin Sheen, Ben Kingsley"
et-the-extraterrestrial-1982,E.T. the Extra-Terrestrial,1982,55,no,114,10.5,792.9,USD,USD,"Dee Wallace, Peter Coyote, Henry Thomas"
missing-1982,Missing,1982,55,no,122,9.5,16,USD,USD,"Sissy Spacek, Jack Lemmon, Melanie Mayron, John Shea"
tootsie-1982,Tootsie,1982,55,no,116,21,177.2,USD,USD,"Dustin Hoffman, Jessica Lange, Teri Garr, Dabney Coleman, Charles Durning"
the-verdict-1982,The Verdict,1982,55,no,129,16,54,USD,USD,"Paul Newman, Charlotte Rampling, Jack Warden, James Mason, Milo O'Shea"
terms-of-endearment-1983,Terms of Endearment,1983,56,yes,132,8,108.4,USD,USD,"Shirley MacLaine, Debra Winger, Jack Nicholson, Jeff Daniels, Danny DeVito, John Lithgow"
the-big-chill-1983,The Big Chill,1983,56,no,105,NA,56.3997,USD,USD,"Tom Berenger, Glenn Close, Jeff Goldblum, William Hurt, Kevin Kline, Mary Kay Place, Meg Tilly, JoBeth Williams"
the-dresser-1983,The Dresser,1983,56,no,118,NA,5.3107,USD,USD,"Albert Finney, Tom Courtenay, Edward Fox, Zena Walker, Eileen Atkins, Michael Gough, Cathryn Harrison"
the-right-stuff-1983,The Right Stuff,1983,56,no,192,27,21.1,USD,USD,"Fred Ward, Charles Frank, Scott Glenn, Ed Harris, Lance Henriksen, Scott Paulin, Dennis Quaid, Sam Shepard, Kim Stanley, Barbara Hershey, Veronica Cartwright, Pamela Reed"
tender-mercies-1983,Tender Mercies,1983,56,no,92,4.5,8.44,USD,USD,"Robert Duvall, Tess Harper, Betty Buckley, Wilford Brimley, Ellen Barkin"
amadeus-1984,Amadeus,1984,57,yes,161,18,52,USD,USD,"F. Murray Abraham, Tom Hulce, Elizabeth Berridge, Simon Callow, Roy Dotrice, Christine Ebersole, Jeffrey Jones, Charles Kay"
the-killing-fields-1984,The Killing Fields,1984,57,no,141,0,34.7003,USD,USD,"Sam Waterston, Haing S. Ngor, Craig T. Nelson, John Malkovich, Athol Fugard"
a-passage-to-india-1984,A Passage to India,1984,57,no,163,17,27.2,GBP,USD,"Peggy Ashcroft, Judy Davis, James Fox, Alec Guinness, Nigel Havers, Victor Banerjee"
places-in-the-heart-1984,Places in the Heart,1984,57,no,102,9.5,34.9016,USD,USD,"Sally Field, Lindsay Crouse, Ed Harris, Ray Baker, Amy Madigan, John Malkovich, Danny Glover, Terry O'Quinn"
a-soldiers-story-1984,A Soldier's Story,1984,57,no,101,6,21.8213,USD,USD,"Howard E. Rollins Jr., Adolph Caesar"
out-of-africa-1985,Out of Africa,1985,58,yes,161,28,227.5,USD,USD,"Robert Redford, Meryl Streep, Klaus Maria Brandauer"
the-color-purple-1985,The Color Purple,1985,58,no,153,15,142,USD,USD,"Whoopi Goldberg, Danny Glover, Adolph Caesar, Oprah Winfrey, Margaret Avery, Rae Dawn Chong"
kiss-of-the-spider-woman-1985,Kiss of the Spider Woman,1985,58,no,121,NA,17.0052,USD,USD,"William Hurt, Raúl Juliá, Sonia Braga, José Lewgoy, Milton Gonçalves, Denise Dumont"
prizzis-honor-1985,Prizzi's Honor,1985,58,no,NA,NA,NA,USD,USD,
witness-1985,Witness,1985,58,no,112,12,68.7,USD,USD,
platoon-1986,Platoon,1986,59,yes,120,6,138.5,USD,USD,"Tom Berenger, Willem Dafoe, Charlie Sheen, Keith David, Kevin Dillon, John C. McGinley"
children-of-a-lesser-god-1986,Children of a Lesser God,1986,59,no,119,2,31.9,USD,USD,"Marlee Matlin, William Hurt, Piper Laurie, Philip Bosco"
hannah-and-her-sisters-1986,Hannah and Her Sisters,1986,59,no,106,6.4,40.1,USD,USD,"Woody Allen, Michael Caine, Mia Farrow, Carrie Fisher, Barbara Hershey, Lloyd Nolan, Maureen O'Sullivan, Daniel Stern, Max von Sydow, Dianne Wiest"
the-mission-1986,The Mission,1986,59,no,125,16.5,17.2,GBP,USD,"Robert De Niro, Jeremy Irons"
a-room-with-a-view-1986,A Room with a View,1986,59,no,117,NA,20.9666,GBP,USD,"Maggie Smith, Denholm Elliott, Judi Dench, Simon Callow, Helena Bonham Carter, Julian Sands, Daniel Day-Lewis"
the-last-emperor-1987,The Last Emperor,1987,60,yes,163,23.8,44,USD,USD,"John Lone, Joan Chen, Peter O'Toole, Ying Ruocheng, Victor Wong, Dennis Dun, Ryuichi Sakamoto"
broadcast-news-1987,Broadcast News,1987,60,no,133,15,67.3313,USD,USD,"William Hurt, Albert Brooks, Holly Hunter"
fatal-attraction-1987,Fatal Attraction,1987,60,no,119,14,320.1,USD,USD,"Michael Douglas, Glenn Close, Anne Archer"
hope-and-glory-1987,Hope and Glory,1987,60,no,113,9.3,10,USD,USD,"Sarah Miles, David Hayman, Derrick O'Connor, Susan Wooldridge, Sammi Davis, Ian Bannen, Sebastian Rice-Edwards"
moonstruck-1987,Moonstruck,1987,60,no,102,15,80.6,USD,USD,"Cher, Nicolas Cage, Vincent Gardenia, Olympia Dukakis, Danny Aiello"
rain-man-1988,Rain Man,1988,61,yes,133,25,354.8,USD,USD,"Dustin Hoffman, Tom Cruise, Valeria Golino"
the-accidental-tourist-1988,The Accidental Tourist,1988,61,no,NA,NA,NA,USD,USD,
dangerous-liaisons-1988,Dangerous Liaisons,1988,61,no,119,14,34.7,USD,USD,"Glenn Close, John Malkovich, Michelle Pfeiffer, Swoosie Kurtz, Keanu Reeves, Mildred Natwick, Uma Thurman"
mississippi-burning-1988,Mississippi Burning,1988,61,no,128,15,34.6,USD,USD,"Gene Hackman, Willem Dafoe"
working-girl-1988,Working Girl,1988,61,no,116,28.6,102,USD,USD,"Melanie Griffith, Harrison Ford, Sigourney Weaver"
driving-miss-daisy-1989,Driving Miss Daisy,1989,62,yes,100,0,1e-4,USD,USD,"Morgan Freeman, Jessica Tandy, Dan Aykroyd, Patti LuPone, Esther Rolle"
born-on-the-fourth-of-july-1989,Born on the Fourth of July,1989,62,no,145,14,161,USD,USD,"Tom Cruise, Kyra Sedgwick, Raymond J. Barry, Jerry Levine, Frank Whaley, Willem Dafoe"
dead-poets-society-1989,Dead Poets Society,1989,62,no,128,16.4,235.9,USD,USD,
field-of-dreams-1989,Field of Dreams,1989,62,no,107,15,84.4,USD,USD,"Kevin Costner, Amy Madigan, James Earl Jones, Ray Liotta, Burt Lancaster"
my-left-foot-1989,My Left Foot,1989,62,no,103,0.6,14.7,USD,USD,"Daniel Day-Lewis, Ray McAnally, Brenda Fricker, Cyril Cusack, Fiona Shaw, Hugh O'Conor, Adrian Dunbar, Ruth McCabe, Alison Whelan"
dances-with-wolves-1990,Dances with Wolves,1990,63,yes,181,22,424.2,USD,USD,"Kevin Costner, Mary McDonnell, Graham Greene, Rodney Grant"
awakenings-1990,Awakenings,1990,63,no,121,31,52.1,USD,USD,"Robert De Niro, Robin Williams, John Heard, Julie Kavner, Penelope Ann Miller, Max von Sydow"
ghost-1990,Ghost,1990,63,no,128,22,505.7,USD,USD,"Patrick Swayze, Demi Moore, Whoopi Goldberg, Tony Goldwyn"
the-godfather-part-iii-1990,The Godfather Part III,1990,63,no,162,54,136.8,USD,USD,"Al Pacino, Diane Keaton, Talia Shire, Andy García, Eli Wallach, Joe Mantegna, Bridget Fonda, George Hamilton, Sofia Coppola"
goodfellas-1990,Goodfellas,1990,63,no,145,25,46.8,USD,USD,"Robert De Niro, Ray Liotta, Joe Pesci, Lorraine Bracco, Paul Sorvino"
the-silence-of-the-lambs-1991,The Silence of the Lambs,1991,64,yes,118,19,272.7,USD,USD,"Jodie Foster, Anthony Hopkins, Scott Glenn, Ted Levine"
beauty-and-the-beast-1991,Beauty and the Beast,1991,64,no,84,25,425,USD,USD,"Paige O'Hara, Robby Benson, Richard White, Jerry Orbach, David Ogden Stiers, Angela Lansbury, Rex Everhart, Jesse Corti"
bugsy-1991,Bugsy,1991,64,no,137,30,49.1,USD,USD,"Warren Beatty, Annette Bening, Harvey Keitel, Ben Kingsley, Joe Mantegna"
jfk-1991,JFK,1991,64,no,188,40,205.4,USD,USD,"Kevin Costner, Kevin Bacon, Tommy Lee Jones, Laurie Metcalf, Gary Oldman, Michael Rooker, Jay O. Sanders, Sissy Spacek"
the-prince-of-tides-1991,The Prince of Tides,1991,64,no,132,30,110,USD,USD,"Barbra Streisand, Nick Nolte, Blythe Danner, Kate Nelligan, Jeroen Krabbé, Melinda Dillon, George Carlin, Jason Gould"
unforgiven-1992,Unforgiven,1992,65,yes,131,14,159.2,USD,USD,"Clint Eastwood, Gene Hackman, Morgan Freeman, Richard Harris"
the-crying-game-1992,The Crying Game,1992,65,no,111,2.3,62.5,GBP,GBP,"Stephen Rea, Miranda Richardson, Jaye Davidson, Forest Whitaker"
a-few-good-men-1992,A Few Good Men,1992,65,no,138,40,243.2,USD,USD,"Tom Cruise, Jack Nicholson, Demi Moore, Kevin Bacon, Kevin Pollak, James Marshall, J. T. Walsh, Kiefer Sutherland"
howards-end-1992,Howards End,1992,65,no,NA,NA,NA,USD,USD,
scent-of-a-woman-1992,Scent of a Woman,1992,65,no,156,31,134.1,USD,USD,"Al Pacino, Chris O'Donnell"
schindlers-list-1993,Schindler's List,1993,66,yes,195,22,321.2,USD,USD,"Liam Neeson, Ben Kingsley, Ralph Fiennes, Caroline Goodall, Jonathan Sagall, Embeth Davidtz"
the-fugitive-1993,The Fugitive,1993,66,no,130,44,368.9,USD,USD,"Harrison Ford, Tommy Lee Jones, Sela Ward, Joe Pantoliano, Andreas Katsulas, Jeroen Krabbé"
in-the-name-of-the-father-1993,In the Name of the Father,1993,66,no,133,13,65.8,USD,USD,"Daniel Day-Lewis, Pete Postlethwaite, Emma Thompson"
the-piano-1993,The Piano,1993,66,no,117,NA,NA,USD,USD,"Holly Hunter, Harvey Keitel, Sam Neill, Anna Paquin, Kerry Walker, Genevieve Lemon"
the-remains-of-the-day-1993,The Remains of the Day,1993,66,no,134,15,63.9,USD,USD,"Anthony Hopkins, Emma Thompson, James Fox, Christopher Reeve, Peter Vaughan, Hugh Grant, Michael Lonsdale, Tim Pigott-Smith"
forrest-gump-1994,Forrest Gump,1994,67,yes,142,1e-4,7e-4,USD,USD,"Tom Hanks, Robin Wright, Gary Sinise, Mykelti Williamson, Sally Field"
four-weddings-and-a-funeral-1994,Four Weddings and a Funeral,1994,67,no,117,2.8,245.7,GBP,USD,"Hugh Grant, Andie MacDowell, Kristin Scott Thomas, Simon Callow, James Fleet, John Hannah, Charlotte Coleman, David Bower, Corin Redgrave, Rowan Atkinson"
pulp-fiction-1994,Pulp Fiction,1994,67,no,154,8.5,213.9,USD,USD,"John Travolta, Samuel L. Jackson, Uma Thurman, Harvey Keitel, Tim Roth, Amanda Plummer, Maria de Medeiros, Ving Rhames, Eric Stoltz, Rosanna Arquette, Christopher Walken, Bruce Willis"
quiz-show-1994,Quiz Show,1994,67,no,133,31,24.8,USD,USD,"John Turturro, Rob Morrow, Ralph Fiennes, David Paymer, Paul Scofield"
the-shawshank-redemption-1994,The Shawshank Redemption,1994,67,no,142,25,58.3,USD,USD,"Tim Robbins, Morgan Freeman, Bob Gunton, William Sadler, Clancy Brown, Gil Bellows, James Whitmore"
braveheart-1995,Braveheart,1995,68,yes,178,70,210.4,USD,USD,"Mel Gibson, Sophie Marceau, Patrick McGoohan, Catherine McCormack"
apollo-13-1995,Apollo 13,1995,68,no,140,52,355.2,USD,USD,"Tom Hanks, Kevin Bacon, Bill Paxton, Gary Sinise, Ed Harris, Kathleen Quinlan"
babe-1995,Babe,1995,68,no,92,30,254.1,USD,USD,"James Cromwell, Magda Szubanski"
the-postman-il-postino-1995,The Postman (Il Postino),1995,68,no,108,3,21.8489,USD,USD,"Massimo Troisi, Philippe Noiret, David Partington, Karen Marrie, Maria Grazia Cucinotta"
sense-and-sensibility-1995,Sense and Sensibility,1995,68,no,136,16,134.9938,USD,USD,"Emma Thompson, Alan Rickman, Kate Winslet, Hugh Grant"
the-english-patient-1996,The English Patient,1996,69,yes,162,31,232,USD,USD,"Ralph Fiennes, Juliette Binoche, Willem Dafoe, Kristin Scott Thomas, Naveen Andrews, Colin Firth, Julian Wadham, Jürgen Prochnow"
fargo-1996,Fargo,1996,69,no,98,7,60.6,USD,USD,"Frances McDormand, William H. Macy, Steve Buscemi, Harve Presnell, Peter Stormare"
jerry-maguire-1996,Jerry Maguire,1996,69,no,138,50,273.6,USD,USD,"Tom Cruise, Cuba Gooding Jr., Renée Zellweger, Kelly Preston, Jerry O'Connell, Jay Mohr, Bonnie Hunt"
secrets-amp-lies-1996,Secrets &amp; Lies,1996,69,no,142,4.5,13.4,USD,USD,"Timothy Spall, Brenda Blethyn, Phyllis Logan, Marianne Jean-Baptiste, Claire Rushbrook, Ron Cook, Lesley Manville, Elizabeth Berrington, Michele Austin, Lee Ross, Emma Amos, Hannah Davis"
shine-1996,Shine,1996,69,no,NA,NA,NA,USD,USD,
titanic-1997,Titanic,1997,70,yes,195,200,2187,USD,USD,"Leonardo DiCaprio, Kate Winslet, Billy Zane, Kathy Bates, Frances Fisher, Bernard Hill, Jonathan Hyde, Danny Nucci, David Warner, Bill Paxton"
as-good-as-it-gets-1997,As Good as It Gets,1997,70,no,139,50,314.1,USD,USD,"Jack Nicholson, Helen Hunt, Greg Kinnear, Cuba Gooding Jr., Skeet Ulrich, Shirley Knight"
the-full-monty-1997,The Full Monty,1997,70,no,91,3.5,258,USD,USD,"Robert Carlyle, Tom Wilkinson, Mark Addy"
good-will-hunting-1997,Good Will Hunting,1997,70,no,126,10,225.9,USD,USD,"Robin Williams, Matt Damon, Ben Affleck, Stellan Skarsgård, Minnie Driver"
la-confidential-1997,L.A. Confidential,1997,70,no,138,35,126.2,USD,USD,"Kevin Spacey, Russell Crowe, Guy Pearce, James Cromwell, David Strathairn, Kim Basinger, Danny DeVito"
shakespeare-in-love-1998,Shakespeare in Love,1998,71,yes,123,25,289.3,USD,USD,"Gwyneth Paltrow, Joseph Fiennes, Geoffrey Rush, Colin Firth, Ben Affleck, Judi Dench"
elizabeth-1998,Elizabeth,1998,71,no,123,30,82.1,USD,USD,"Cate Blanchett, Geoffrey Rush, Christopher Eccleston, Joseph Fiennes, Richard Attenborough"
life-is-beautiful-1998,Life Is Beautiful,1998,71,no,116,20,229.2,USD,USD,"Roberto Benigni, Nicoletta Braschi"
saving-private-ryan-1998,Saving Private Ryan,1998,71,no,169,70,481.8,USD,USD,"Tom Hanks, Edward Burns, Matt Damon, Tom Sizemore"
the-thin-red-line-1998,The Thin Red Line,1998,71,no,170,52,98.1,USD,USD,"Sean Penn, Adrien Brody, Jim Caviezel, Ben Chaplin, George Clooney, John Cusack, Woody Harrelson, Elias Koteas, Nick Nolte, John C. Reilly, John Travolta"
american-beauty-1999,American Beauty,1999,72,yes,122,15,356.3,USD,USD,"Kevin Spacey, Annette Bening, Thora Birch, Allison Janney, Peter Gallagher, Mena Suvari, Wes Bentley, Chris Cooper"
the-cider-house-rules-1999,The Cider House Rules,1999,72,no,NA,NA,NA,USD,USD,
the-green-mile-1999,The Green Mile,1999,72,no,189,60,290.7,USD,USD,"Tom Hanks, David Morse, Bonnie Hunt, Michael Clarke Duncan, James Cromwell, Michael Jeter, Graham Greene, Doug Hutchison, Sam Rockwell, Barry Pepper, Jeffrey DeMunn, Patricia Clarkson, Harry Dean Stanton"
the-insider-1999,The Insider,1999,72,no,157,68,60.2,USD,USD,"Al Pacino, Russell Crowe, Christopher Plummer, Diane Venora, Philip Baker Hall, Lindsay Crouse, Debi Mazar"
the-sixth-sense-1999,The Sixth Sense,1999,72,no,107,40,672.8,USD,USD,"Bruce Willis, Toni Collette, Olivia Williams, Haley Joel Osment"
gladiator-2000,Gladiator,2000,73,yes,155,103,457.6,USD,USD,"Russell Crowe, Joaquin Phoenix, Connie Nielsen, Oliver Reed, Derek Jacobi, Djimon Hounsou, Richard Harris"
chocolat-2000,Chocolat,2000,73,no,NA,NA,NA,USD,USD,
crouching-tiger-hidden-dragon-2000,"Crouching Tiger, Hidden Dragon",2000,73,no,120,17,213.5,USD,USD,"Chow Yun-fat, Michelle Yeoh, Zhang Ziyi, Chang Chen, Sihung Lung, Cheng Pei-pei"
erin-brockovich-2000,Erin Brockovich,2000,73,no,130,52,256.3,USD,USD,"Julia Roberts, Albert Finney, Aaron Eckhart"
traffic-2000,Traffic,2000,73,no,147,48,207.5,USD,USD,"Michael Douglas, Don Cheadle, Benicio Del Toro, Dennis Quaid, Catherine Zeta-Jones"
a-beautiful-mind-2001,A Beautiful Mind,2001,74,yes,135,58,313,USD,USD,"Russell Crowe, Ed Harris, Jennifer Connelly, Paul Bettany, Adam Goldberg, Judd Hirsch, Josh Lucas, Anthony Rapp, Christopher Plummer"
gosford-park-2001,Gosford Park,2001,74,no,137,19.8,87.8,USD,USD,
in-the-bedroom-2001,In the Bedroom,2001,74,no,131,1.7,43.4,USD,USD,
the-lord-of-the-rings-the-fellowship-of-the-ring-2001,The Lord of the Rings: The Fellowship of the Ring,2001,74,no,178,1e-4,9e-4,USD,USD,"Elijah Wood, Ian McKellen, Liv Tyler, Viggo Mortensen, Sean Astin, Cate Blanchett, John Rhys-Davies, Billy Boyd, Dominic Monaghan, Orlando Bloom, Christopher Lee, Hugo Weaving, Sean Bean, Ian Holm, Andy Serkis"
moulin-rouge-2001,Moulin Rouge!,2001,74,no,128,52,179.2,USD,USD,"Nicole Kidman, Ewan McGregor, John Leguizamo, Jim Broadbent, Richard Roxburgh"
chicago-2002,Chicago,2002,75,yes,113,45,306.8,USD,USD,
gangs-of-new-york-2002,Gangs of New York,2002,75,no,NA,NA,NA,USD,USD,
the-hours-2002,The Hours,2002,75,no,114,25,108.8,USD,USD,
the-lord-of-the-rings-the-two-towers-2002,The Lord of the Rings: The Two Towers,2002,75,no,179,94,926,USD,USD,"Elijah Wood, Ian McKellen, Liv Tyler, Viggo Mortensen, Sean Astin, Cate Blanchett, John Rhys-Davies, Bernard Hill, Christopher Lee, Billy Boyd, Dominic Monaghan, Orlando Bloom, Hugo Weaving, Miranda Otto, David Wenham, Brad Dourif, Sean Bean, Andy Serkis"
the-pianist-2002,The Pianist,2002,75,no,150,35,120.1,USD,USD,"Adrien Brody, Thomas Kretschmann, Frank Finlay, Maureen Lipman, Emilia Fox, Michał Żebrowski"
the-lord-of-the-rings-the-return-of-the-king-2003,The Lord of the Rings: The Return of the King,2003,76,yes,200,1e-4,0,USD,USD,"Elijah Wood, Ian McKellen, Liv Tyler, Viggo Mortensen, Sean Astin, Cate Blanchett, John Rhys-Davies, Bernard Hill, Billy Boyd, Dominic Monaghan, Orlando Bloom, Hugo Weaving, Miranda Otto, David Wenham, Karl Urban, John Noble, Andy Serkis, Ian Holm, Sean Bean"
lost-in-translation-2003,Lost in Translation,2003,76,no,101,4,119.7,USD,USD,"Bill Murray, Scarlett Johansson, Giovanni Ribisi, Anna Faris, Fumihiro Hayashi"
master-and-commander-the-far-side-of-the-world-2003,Master and Commander: The Far Side of the World,2003,76,no,138,150,212,USD,USD,"Russell Crowe, Paul Bettany, Billy Boyd, James D'Arcy, Chris Larkin, Edward Woodall"
mystic-river-2003,Mystic River,2003,76,no,137,30,156.8,USD,USD,"Sean Penn, Tim Robbins, Kevin Bacon, Laurence Fishburne, Marcia Gay Harden, Laura Linney"
seabiscuit-2003,Seabiscuit,2003,76,no,141,87,148.3,USD,USD,
million-dollar-baby-2004,Million Dollar Baby,2004,77,yes,132,30,216.8,USD,USD,
the-aviator-2004,The Aviator,2004,77,no,170,110,213.7,USD,USD,
finding-neverland-2004,Finding Neverland,2004,77,no,101,25,116.8,USD,USD,
ray-2004,Ray,2004,77,no,152,40,124.7,USD,USD,
sideways-2004,Sideways,2004,77,no,127,16,109.7,USD,USD,"Paul Giamatti, Thomas Haden Church, Virginia Madsen, Sandra Oh"
crash-2005,Crash,2005,78,yes,112,6.5,98.4,USD,USD,"Sandra Bullock, Don Cheadle, Matt Dillon, Jennifer Esposito, Brendan Fraser, Terrence Howard, Chris ""Ludacris"" Bridges, Thandie Newton, Ryan Phillippe, Larenz Tate"
brokeback-mountain-2005,Brokeback Mountain,2005,78,no,134,14,178.1,USD,USD,"Heath Ledger, Jake Gyllenhaal, Linda Cardellini, Anna Faris, Anne Hathaway, Michelle Williams, Randy Quaid"
capote-2005,Capote,2005,78,no,114,7,50,USD,USD,"Philip Seymour Hoffman, Catherine Keener, Clifton Collins Jr., Bruce Greenwood, Mark Pellegrino, Amy Ryan, Chris Cooper"
good-night-and-good-luck-2005,"Good Night, and Good Luck",2005,78,no,93,7,56.5,USD,USD,"David Strathairn, Patricia Clarkson, George Clooney, Jeff Daniels, Robert Downey Jr., Frank Langella"
munich-2005,Munich,2005,78,no,163,70,130.4,USD,USD,"Eric Bana, Daniel Craig, Ciarán Hinds, Mathieu Kassovitz, Hanns Zischler, Geoffrey Rush, Ayelet Zurer"
the-departed-2006,The Departed,2006,79,yes,150,90,289.8,USD,USD,"Leonardo DiCaprio, Matt Damon, Jack Nicholson, Mark Wahlberg, Martin Sheen, Ray Winstone, Vera Farmiga, Anthony Anderson, Alec Baldwin"
babel-2006,Babel,2006,79,no,143,20,135.3,USD,USD,"Brad Pitt, Cate Blanchett, Gael García Bernal, Kōji Yakusho, Adriana Barraza, Rinko Kikuchi"
letters-from-iwo-jima-2006,Letters from Iwo Jima,2006,79,no,140,19,68.7,USD,USD,"Ken Watanabe, Kazunari Ninomiya, Tsuyoshi Ihara, Ryō Kase, Shidō Nakamura"
little-miss-sunshine-2006,Little Miss Sunshine,2006,79,no,101,8,100.5,USD,USD,"Greg Kinnear, Steve Carell, Toni Collette, Paul Dano, Abigail Breslin, Alan Arkin"
the-queen-2006,The Queen,2006,79,no,103,9.8,77.9,GBP,GBP,"Helen Mirren, Michael Sheen, James Cromwell, Helen McCrory, Alex Jennings, Roger Allam, Sylvia Syms"
no-country-for-old-men-2007,No Country for Old Men,2007,80,yes,122,25,171.6,USD,USD,"Tommy Lee Jones, Javier Bardem, Josh Brolin"
atonement-2007,Atonement,2007,80,no,123,30,129.3,USD,USD,
juno-2007,Juno,2007,80,no,96,7.5,231.4,USD,USD,"Ellen Page, Michael Cera, Jennifer Garner, Jason Bateman, Allison Janney, J. K. Simmons"
michael-clayton-2007,Michael Clayton,2007,80,no,119,25,92.9,USD,USD,"George Clooney, Tom Wilkinson, Tilda Swinton, Sydney Pollack"
there-will-be-blood-2007,There Will Be Blood,2007,80,no,158,25,76.2,USD,USD,"Daniel Day-Lewis, Paul Dano, Kevin J. O'Connor, Ciarán Hinds, Dillon Freasier"
slumdog-millionaire-2008,Slumdog Millionaire,2008,81,yes,120,15,377.9,USD,USD,"Dev Patel, Freida Pinto, Madhur Mittal, Anil Kapoor, Irrfan Khan"
the-curious-case-of-benjamin-button-2008,The Curious Case of Benjamin Button,2008,81,no,166,167,334,USD,USD,"Brad Pitt, Cate Blanchett, Taraji P. Henson, Julia Ormond, Jason Flemyng, Elias Koteas, Tilda Swinton"
frostnixon-2008,Frost/Nixon,2008,81,no,122,25,27.4,USD,USD,"Frank Langella, Michael Sheen, Kevin Bacon, Rebecca Hall, Toby Jones, Matthew Macfadyen, Oliver Platt, Sam Rockwell"
milk-2008,Milk,2008,81,no,128,20,54.6,USD,USD,"Sean Penn, Emile Hirsch, Josh Brolin, Diego Luna, Alison Pill, Victor Garber, Denis O'Hare, Joseph Cross, James Franco"
the-reader-2008,The Reader,2008,81,no,124,32,108.4,USD,USD,"Kate Winslet, Ralph Fiennes, David Kross, Lena Olin, Bruno Ganz"
the-hurt-locker-2009,The Hurt Locker,2009,82,yes,131,15,49.2,USD,USD,"Jeremy Renner, Anthony Mackie, Brian Geraghty, Evangeline Lilly, Ralph Fiennes, David Morse, Guy Pearce"
avatar-2009,Avatar,2009,82,no,161,237,2788,USD,USD,"Sam Worthington, Zoe Saldana, Stephen Lang, Michelle Rodriguez, Sigourney Weaver"
the-blind-side-2009,The Blind Side,2009,82,no,126,29,309.2,USD,USD,"Sandra Bullock, Tim McGraw, Quinton Aaron, Jae Head, Lily Collins, Ray McKinnon, Kathy Bates"
district-9-2009,District 9,2009,82,no,112,30,210.8,USD,USD,"Sharlto Copley, Jason Cope, David James, Vanessa Haywood, Mandla Gaduka, Kenneth Nkosi, Eugene Khumbanyiwa, Louis Minnaar, William Allen Young"
an-education-2009,An Education,2009,82,no,100,0,0,USD,USD,"Carey Mulligan, Peter Sarsgaard, Alfred Molina, Rosamund Pike, Dominic Cooper, Olivia Williams, Emma Thompson"
inglourious-basterds-2009,Inglourious Basterds,2009,82,no,153,70,321.5,USD,USD,"Brad Pitt, Christoph Waltz, Michael Fassbender, Eli Roth, Diane Kruger, Daniel Brühl, Til Schweiger, Mélanie Laurent"
precious-based-on-the-novel-push-by-sapphire-2009,Precious: Based on the Novel 'Push' by Sapphire,2009,82,no,110,10,63.6,USD,USD,
a-serious-man-2009,A Serious Man,2009,82,no,106,7,31.4,USD,USD,"Michael Stuhlbarg, Richard Kind, Fred Melamed"
up-2009,Up,2009,82,no,96,175,735.1,USD,USD,"Ed Asner, Christopher Plummer, Jordan Nagai"
up-in-the-air-2009,Up in the Air,2009,82,no,109,25,166.8,USD,USD,"George Clooney, Vera Farmiga, Anna Kendrick, Danny McBride"
the-kings-speech-2010,The King's Speech,2010,83,yes,119,15,414.2,USD,USD,
127-hours-2010,127 Hours,2010,83,no,93,18,60.7,USD,USD,"James Franco, Kate Mara, Amber Tamblyn"
black-swan-2010,Black Swan,2010,83,no,108,13,329.4,USD,USD,"Natalie Portman, Vincent Cassel, Mila Kunis, Barbara Hershey, Winona Ryder"
the-fighter-2010,The Fighter,2010,83,no,116,25,129.2,USD,USD,"Mark Wahlberg, Christian Bale, Amy Adams, Melissa Leo, Jack McGee"
inception-2010,Inception,2010,83,no,148,160,828.3,USD,USD,"Leonardo DiCaprio, Ken Watanabe, Joseph Gordon-Levitt, Marion Cotillard, Ellen Page, Tom Hardy, Cillian Murphy, Tom Berenger, Michael Caine"
the-kids-are-all-right-2010,The Kids Are All Right,2010,83,no,107,4,34.7,USD,USD,
the-social-network-2010,The Social Network,2010,83,no,120,40,224.9,USD,USD,"Jesse Eisenberg, Andrew Garfield, Justin Timberlake, Armie Hammer, Max Minghella"
toy-story-3-2010,Toy Story 3,2010,83,no,103,2e-4,0,USD,USD,"Tom Hanks, Tim Allen, Joan Cusack, Don Rickles, Wallace Shawn, John Ratzenberger, Estelle Harris, Blake Clark, Ned Beatty, Michael Keaton, Jodi Benson, John Morris"
true-grit-2010,True Grit,2010,83,no,110,38,252.3,USD,USD,"Jeff Bridges, Matt Damon, Josh Brolin, Barry Pepper, Hailee Steinfeld"
winters-bone-2010,Winter's Bone,2010,83,no,100,2,16.1,USD,USD,"Jennifer Lawrence, John Hawkes, Kevin Breznahan, Dale Dickey, Garret Dillahunt, Sheryl Lee, Tate Taylor"
the-artist-2011,The Artist,2011,84,yes,100,15,133.4,USD,USD,"Jean Dujardin, Bérénice Bejo"
the-descendants-2011,The Descendants,2011,84,no,115,20,177.2,USD,USD,"George Clooney, Shailene Woodley, Beau Bridges, Robert Forster, Judy Greer, Matthew Lillard"
extremely-loud-amp-incredibly-close-2011,Extremely Loud &amp; Incredibly Close,2011,84,no,129,40,55.2,USD,USD,"Tom Hanks, Sandra Bullock, Thomas Horn, Max von Sydow, Viola Davis, John Goodman, Jeffrey Wright"
the-help-2011,The Help,2011,84,no,146,25,216.6,USD,USD,"Jessica Chastain, Viola Davis, Bryce Dallas Howard, Allison Janney, Octavia Spencer, Emma Stone"
hugo-2011,Hugo,2011,84,no,126,170,185.8,USD,USD,"Ben Kingsley, Sacha Baron Cohen, Asa Butterfield, Ray Winstone, Emily Mortimer, Christopher Lee, Jude Law"
midnight-in-paris-2011,Midnight in Paris,2011,84,no,94,0,151.1,USD,USD,"Kathy Bates, Adrien Brody, Carla Bruni, Marion Cotillard, Rachel McAdams, Michael Sheen, Owen Wilson"
moneyball-2011,Moneyball,2011,84,no,133,50,110.2,USD,USD,"Brad Pitt, Jonah Hill, Philip Seymour Hoffman, Chris Pratt"
the-tree-of-life-2011,The Tree of Life,2011,84,no,139,32,61.7,USD,USD,"Brad Pitt, Sean Penn, Jessica Chastain"
war-horse-2011,War Horse,2011,84,no,146,66,177.6,USD,USD,
argo-2012,Argo,2012,85,yes,120,44.5,232.3,USD,USD,"Ben Affleck, Bryan Cranston, Alan Arkin, John Goodman"
amour-2012,Amour,2012,85,no,127,8.9,29.9,USD,USD,
beasts-of-the-southern-wild-2012,Beasts of the Southern Wild,2012,85,no,93,1.8,23.3,USD,USD,
django-unchained-2012,Django Unchained,2012,85,no,165,100,425.4,USD,USD,"Jamie Foxx, Christoph Waltz, Leonardo DiCaprio, Kerry Washington, Samuel L. Jackson, Walton Goggins, Dennis Christopher, James Remar, Don Johnson"
les-misrables-2012,Les Misérables,2012,85,no,158,61,441.8,USD,USD,"Hugh Jackman, Russell Crowe, Anne Hathaway, Amanda Seyfried, Eddie Redmayne, Helena Bonham Carter, Sacha Baron Cohen, Aaron Tveit"
life-of-pi-2012,Life of Pi,2012,85,no,127,120,609,USD,USD,"Suraj Sharma, Irrfan Khan, Tabu, Adil Hussain, Rafe Spall, Gérard Depardieu"
lincoln-2012,Lincoln,2012,85,no,150,65,275.3,USD,USD,"Daniel Day-Lewis, Sally Field, David Strathairn, Joseph Gordon-Levitt, James Spader, Hal Holbrook, Tommy Lee Jones"
silver-linings-playbook-2012,Silver Linings Playbook,2012,85,no,122,21,236.4,USD,USD,"Bradley Cooper, Jennifer Lawrence, Robert De Niro, Jacki Weaver, Anupam Kher, John Ortiz, Chris Tucker"
zero-dark-thirty-2012,Zero Dark Thirty,2012,85,no,157,40,132.8,USD,USD,"Jessica Chastain, Jason Clarke, Joel Edgerton"
12-years-a-slave-2013,12 Years a Slave,2013,86,yes,134,22,187.7,USD,USD,"Chiwetel Ejiofor, Michael Fassbender, Benedict Cumberbatch, Paul Dano, Paul Giamatti, Lupita Nyong'o, Sarah Paulson, Brad Pitt, Alfre Woodard"
american-hustle-2013,American Hustle,2013,86,no,138,40,251.2,USD,USD,"Christian Bale, Bradley Cooper, Amy Adams, Jeremy Renner, Jennifer Lawrence"
captain-phillips-2013,Captain Phillips,2013,86,no,134,55,218.8,USD,USD,"Tom Hanks, Barkhad Abdi"
dallas-buyers-club-2013,Dallas Buyers Club,2013,86,no,116,5,55.2,USD,USD,"Matthew McConaughey, Jennifer Garner, Jared Leto, Denis O'Hare, Steve Zahn, Dallas Roberts"
gravity-2013,Gravity,2013,86,no,91,100,723.2,USD,USD,"Sandra Bullock, George Clooney"
her-2013,Her,2013,86,no,126,23,48.5,USD,USD,"Joaquin Phoenix, Amy Adams, Rooney Mara, Olivia Wilde, Scarlett Johansson"
nebraska-2013,Nebraska,2013,86,no,115,13.5,27.7,USD,USD,"Bruce Dern, Will Forte, June Squibb, Stacy Keach, Bob Odenkirk"
philomena-2013,Philomena,2013,86,no,98,12,100.1,USD,USD,"Judi Dench, Steve Coogan"
the-wolf-of-wall-street-2013,The Wolf of Wall Street,2013,86,no,180,100,392,USD,USD,"Leonardo DiCaprio, Jonah Hill, Margot Robbie, Matthew McConaughey, Kyle Chandler, Rob Reiner, Jon Bernthal, Jon Favreau, Jean Dujardin"
birdman-or-the-unexpected-virtue-of-ignorance-2014,Birdman or (The Unexpected Virtue of Ignorance),2014,87,yes,119,18,103.2,USD,USD,"Michael Keaton, Zach Galifianakis, Edward Norton, Andrea Riseborough, Amy Ryan, Emma Stone, Naomi Watts"
american-sniper-2014,American Sniper,2014,87,no,132,58.8,547.4,USD,USD,"Bradley Cooper, Sienna Miller"
boyhood-2014,Boyhood,2014,87,no,165,4,57.3,USD,USD,"Patricia Arquette, Ellar Coltrane, Lorelei Linklater, Ethan Hawke"
the-grand-budapest-hotel-2014,The Grand Budapest Hotel,2014,87,no,100,23,174.8,EUR,USD,"Ralph Fiennes, F. Murray Abraham, Mathieu Amalric, Adrien Brody, Willem Dafoe, Jeff Goldblum, Harvey Keitel, Jude Law, Bill Murray, Edward Norton, Saoirse Ronan, Jason Schwartzman, Léa Seydoux, Tilda Swinton, Tom Wilkinson, Owen Wilson, Tony Revolori"
the-imitation-game-2014,The Imitation Game,2014,87,no,114,14,233.5,USD,USD,"Benedict Cumberbatch, Keira Knightley, Matthew Goode, Rory Kinnear, Charles Dance, Mark Strong"
selma-2014,Selma,2014,87,no,128,20,66.8,USD,USD,"David Oyelowo, Common, Tom Wilkinson, Carmen Ejogo, Giovanni Ribisi, Alessandro Nivola, Cuba Gooding Jr., Tim Roth, Oprah Winfrey"
the-theory-of-everything-2014,The Theory of Everything,2014,87,no,123,15,123.7,USD,USD,"Eddie Redmayne[2][1], Felicity Jones[2][1], Charlie Cox[1], Emily Watson[1], Simon McBurney[1], David Thewlis[1]"
whiplash-2014,Whiplash,2014,87,no,106,3.3,49,USD,USD,"Miles Teller, J. K. Simmons, Paul Reiser, Melissa Benoist"
spotlight-2015,Spotlight,2015,88,yes,129,20,92.2,USD,USD,"Mark Ruffalo, Michael Keaton, Rachel McAdams, Liev Schreiber, John Slattery, Stanley Tucci"
the-big-short-2015,The Big Short,2015,88,no,130,50,133.4,USD,USD,"Christian Bale, Steve Carell, Ryan Gosling, Brad Pitt"
bridge-of-spies-2015,Bridge of Spies,2015,88,no,141,40,165.5,USD,USD,"Tom Hanks, Mark Rylance, Amy Ryan, Alan Alda"
brooklyn-2015,Brooklyn,2015,88,no,112,11,62.1,USD,USD,"Saoirse Ronan, Domhnall Gleeson, Emory Cohen, Jim Broadbent, Julie Walters"
mad-max-fury-road-2015,Mad Max: Fury Road,2015,88,no,120,150,378.9,USD,USD,"Tom Hardy, Charlize Theron, Nicholas Hoult, Hugh Keays-Byrne, Rosie Huntington-Whiteley, Riley Keough, Zoë Kravitz, Abbey Lee, Courtney Eaton"
the-martian-2015,The Martian,2015,88,no,142,108,630.2,USD,USD,"Matt Damon, Jessica Chastain, Kristen Wiig, Jeff Daniels, Sean Bean, Michael Peña, Kate Mara, Sebastian Stan, Aksel Hennie, Chiwetel Ejiofor, Donald Glover, Benedict Wong"
the-revenant-2015,The Revenant,2015,88,no,156,135,533,USD,USD,"Leonardo DiCaprio, Tom Hardy, Domhnall Gleeson, Will Poulter"
room-2015,Room,2015,88,no,118,13,36.3,USD,USD,"Brie Larson, Jacob Tremblay, Joan Allen, Sean Bridgers, William H. Macy"
moonlight-2016,Moonlight,2016,89,yes,111,4,65.3,USD,USD,"Trevante Rhodes, André Holland, Janelle Monáe, Ashton Sanders, Jharrel Jerome, Naomie Harris, Mahershala Ali"
arrival-2016,Arrival,2016,89,no,116,47,203.4,USD,USD,"Amy Adams, Jeremy Renner, Forest Whitaker, Michael Stuhlbarg, Tzi Ma"
fences-2016,Fences,2016,89,no,139,24,64.4,USD,USD,"Denzel Washington, Viola Davis, Stephen Henderson, Jovan Adepo, Russell Hornsby, Mykelti Williamson, Saniyya Sidney"
hacksaw-ridge-2016,Hacksaw Ridge,2016,89,no,139,40,175.3,USD,USD,"Andrew Garfield, Sam Worthington, Luke Bracey, Teresa Palmer, Hugo Weaving, Rachel Griffiths, Vince Vaughn"
hell-or-high-water-2016,Hell or High Water,2016,89,no,102,12,37.9,USD,USD,"Jeff Bridges, Chris Pine, Ben Foster, Gil Birmingham"
hidden-figures-2016,Hidden Figures,2016,89,no,127,25,236,USD,USD,"Taraji P. Henson, Octavia Spencer, Janelle Monáe, Kevin Costner, Kirsten Dunst, Jim Parsons"
la-la-land-2016,La La Land,2016,89,no,128,30,446.1,USD,USD,"Ryan Gosling, Emma Stone, John Legend, Rosemarie DeWitt"
lion-2016,Lion,2016,89,no,118,12,140.3,USD,USD,"Dev Patel, Sunny Pawar, Rooney Mara, David Wenham, Nicole Kidman"
manchester-by-the-sea-2016,Manchester by the Sea,2016,89,no,137,8.5,77.8,USD,USD,"Casey Affleck, Michelle Williams, Kyle Chandler, Lucas Hedges"
the-shape-of-water-2017,The Shape of Water,2017,90,yes,123,19.5,194.7,USD,USD,"Sally Hawkins, Michael Shannon, Richard Jenkins, Doug Jones, Michael Stuhlbarg, Octavia Spencer"
call-me-by-your-name-2017,Call Me by Your Name,2017,90,no,132,3.5,41.1,USD,USD,"Armie Hammer, Timothée Chalamet, Michael Stuhlbarg, Amira Casar, Esther Garrel, Victoire Du Bois"
darkest-hour-2017,Darkest Hour,2017,90,no,125,30,147.6,USD,USD,"Gary Oldman, Kristin Scott Thomas, Lily James, Stephen Dillane, Ronald Pickup, Ben Mendelsohn"
dunkirk-2017,Dunkirk,2017,90,no,106,150,527.3,USD,USD,"Fionn Whitehead, Tom Glynn-Carney, Jack Lowden, Harry Styles, Aneurin Barnard, James D'Arcy, Barry Keoghan, Kenneth Branagh, Cillian Murphy, Mark Rylance, Tom Hardy"
get-out-2017,Get Out,2017,90,no,103,4.5,255.2,USD,USD,"Daniel Kaluuya, Allison Williams, Bradley Whitford, Caleb Landry Jones, Stephen Root, Lakeith Stanfield, Catherine Keener"
lady-bird-2017,Lady Bird,2017,90,no,93,0,75.7,USD,USD,"Saoirse Ronan, Laurie Metcalf, Tracy Letts, Lucas Hedges, Timothée Chalamet, Beanie Feldstein, Stephen McKinley Henderson, Lois Smith"
phantom-thread-2017,Phantom Thread,2017,90,no,130,0,0,USD,USD,"Daniel Day-Lewis, Lesley Manville, Vicky Krieps"
the-post-2017,The Post,2017,90,no,116,50,174.5,USD,USD,"Meryl Streep, Tom Hanks, Sarah Paulson, Bob Odenkirk, Tracy Letts, Bradley Whitford, Bruce Greenwood, Matthew Rhys"
three-billboards-outside-ebbing-missouri-2017,"Three Billboards Outside Ebbing, Missouri",2017,90,no,115,0,158.6,USD,USD,"Frances McDormand, Woody Harrelson, Sam Rockwell, Abbie Cornish, John Hawkes, Peter Dinklage"
